record_id_a,record_id_b,source_a,source_b,overall_match_score,date_similarity,location_similarity,city_similarity,vehicle_similarity,fatality_similarity,geo_distance_meters,match_status,review_status
ACC-IND-000001,ACC-DUP-0000,OPEN_ACCIDENT_DATASET,OPEN_MAHARASHTRA_TRAFFIC,0.9497,1.0,0.91,1.0,0.95,1.0,106.9,HIGH_CONFIDENCE_MATCH,CONFIRMED_DUPLICATE
ACC-IND-000002,ACC-DUP-0001,OPEN_ACCIDENT_DATASET,OPEN_MAHARASHTRA_TRAFFIC,0.8615,0.8,0.83,1.0,0.8,1.0,208.1,POSSIBLE_MATCH,PENDING_REVIEW
ACC-IND-000012,ACC-DUP-0002,OPEN_ACCIDENT_DATASET,OPEN_MAHARASHTRA_TRAFFIC,0.9731,1.0,0.93,1.0,0.95,1.0,290.4,HIGH_CONFIDENCE_MATCH,CONFIRMED_DUPLICATE
ACC-IND-000028,ACC-DUP-0003,OPEN_ACCIDENT_DATASET,OPEN_MAHARASHTRA_TRAFFIC,0.8344,0.8,0.8,1.0,0.8,1.0,295.0,POSSIBLE_MATCH,PENDING_REVIEW
ACC-IND-000031,ACC-DUP-0004,OPEN_ACCIDENT_DATASET,OPEN_MAHARASHTRA_TRAFFIC,0.914,1.0,0.88,1.0,0.95,1.0,214.5,HIGH_CONFIDENCE_MATCH,PENDING_REVIEW
ACC-IND-000040,ACC-DUP-0005,OPEN_ACCIDENT_DATASET,OPEN_MAHARASHTRA_TRAFFIC,0.8739,0.8,0.84,1.0,0.8,1.0,103.5,POSSIBLE_MATCH,PENDING_REVIEW
ACC-IND-000053,ACC-DUP-0006,OPEN_ACCIDENT_DATASET,OPEN_MAHARASHTRA_TRAFFIC,0.9149,1.0,0.88,1.0,0.95,1.0,46.1,HIGH_CONFIDENCE_MATCH,PENDING_REVIEW
ACC-IND-000057,ACC-DUP-0007,OPEN_ACCIDENT_DATASET,OPEN_MAHARASHTRA_TRAFFIC,0.8499,0.8,0.82,1.0,0.8,1.0,135.2,POSSIBLE_MATCH,PENDING_REVIEW
ACC-IND-000060,ACC-DUP-0008,OPEN_ACCIDENT_DATASET,OPEN_MAHARASHTRA_TRAFFIC,0.9685,1.0,0.93,1.0,0.95,1.0,85.6,HIGH_CONFIDENCE_MATCH,CONFIRMED_DUPLICATE
ACC-IND-000066,ACC-DUP-0009,OPEN_ACCIDENT_DATASET,OPEN_MAHARASHTRA_TRAFFIC,0.8268,0.8,0.79,1.0,0.8,1.0,161.1,POSSIBLE_MATCH,PENDING_REVIEW
ACC-IND-000067,ACC-DUP-0010,OPEN_ACCIDENT_DATASET,OPEN_MAHARASHTRA_TRAFFIC,0.9478,1.0,0.91,1.0,0.95,1.0,129.0,HIGH_CONFIDENCE_MATCH,CONFIRMED_DUPLICATE
ACC-IND-000069,ACC-DUP-0011,OPEN_ACCIDENT_DATASET,OPEN_MAHARASHTRA_TRAFFIC,0.8241,0.8,0.79,1.0,0.8,1.0,316.3,POSSIBLE_MATCH,PENDING_REVIEW
ACC-IND-000088,ACC-DUP-0012,OPEN_ACCIDENT_DATASET,OPEN_MAHARASHTRA_TRAFFIC,0.9405,1.0,0.9,1.0,0.95,1.0,106.3,HIGH_CONFIDENCE_MATCH,CONFIRMED_DUPLICATE
ACC-IND-000095,ACC-DUP-0013,OPEN_ACCIDENT_DATASET,OPEN_MAHARASHTRA_TRAFFIC,0.874,0.8,0.84,1.0,0.8,1.0,164.2,POSSIBLE_MATCH,PENDING_REVIEW
ACC-IND-000105,ACC-DUP-0014,OPEN_ACCIDENT_DATASET,OPEN_MAHARASHTRA_TRAFFIC,0.9345,1.0,0.9,1.0,0.95,1.0,136.3,HIGH_CONFIDENCE_MATCH,CONFIRMED_DUPLICATE
