accident_id,source,source_record_id,date,time,year,month,day_of_week,city,area,location,latitude,longitude,vehicle_type,road_type,severity,injured,fatalities,casualties,cause,traffic_density,congestion_level,avg_speed_kmph,weather,visibility,traffic_signal,vehicles_involved,data_quality_score,match_confidence,match_status,matched_record_id
ACC-IND-000001,OPEN_ACCIDENT_DATASET,1,2023-05-21,4:00,2023,5,Sunday,Mumbai,Bandra West,Western Express Highway (Bandra - Santacruz),19.068513,72.844276,Heavy Commercial / Truck,Urban,Grievous/Major,3,0,3,Weather,Low,Moderate,36.5,Clear,High,0,4,0.95,1.0,UNIQUE,
ACC-IND-000002,OPEN_ACCIDENT_DATASET,2,2024-10-07,13:00,2024,10,Wednesday,Mumbai,Andheri West,Swami Vivekanand (SV) Road (Andheri West),19.096889,72.819424,Two-Wheeler / Bike,Urban,Minor,1,0,1,Weather,Medium,Moderate,36.5,Fog,Low,0,1,0.95,1.0,UNIQUE,
ACC-IND-000012,OPEN_ACCIDENT_DATASET,12,2023-11-28,9:00,2023,11,Tuesday,Mumbai,Thane West,Ghodbunder Road (Thane West),19.261624,72.970891,Two-Wheeler / Bike,Highway,Grievous/Major,1,0,1,Weather,Medium,Moderate,36.5,Rain,Low,1,4,0.95,1.0,UNIQUE,
ACC-IND-000028,OPEN_ACCIDENT_DATASET,28,2024-09-01,8:00,2024,9,Tuesday,Mumbai,South Mumbai,Marine Drive Promenade / Netaji Subhash Road,18.876038,72.816062,Two-Wheeler / Bike,Rural,Minor,1,0,1,Overspeeding,High,High,36.5,Rain,Medium,1,1,0.95,1.0,UNIQUE,
ACC-IND-000031,OPEN_ACCIDENT_DATASET,31,2024-12-31,7:00,2024,12,Tuesday,Mumbai,Thane West,Ghodbunder Road (Thane West),19.277812,72.889938,Two-Wheeler / Bike,Rural,Minor,1,0,1,Poor Road,Low,Moderate,36.5,Clear,High,0,3,0.95,1.0,UNIQUE,
ACC-IND-000040,OPEN_ACCIDENT_DATASET,40,2024-11-19,22:00,2024,11,Tuesday,Mumbai,South Mumbai,Marine Drive Promenade / Netaji Subhash Road,18.945509,72.865677,Car / SUV,Highway,Minor,2,0,2,Distraction,High,High,36.5,Rain,Medium,1,2,0.95,1.0,UNIQUE,
ACC-IND-000053,OPEN_ACCIDENT_DATASET,53,2023-03-14,21:00,2023,3,Tuesday,Mumbai,Navi Mumbai Gateway,Sion Panvel Highway (Mankhurd - Vashi),19.090552,72.9844,Heavy Commercial / Truck,Rural,Minor,0,0,0,Poor Road,Medium,Moderate,36.5,Rain,Low,1,3,0.95,1.0,UNIQUE,
ACC-IND-000057,OPEN_ACCIDENT_DATASET,57,2023-04-06,6:00,2023,4,Sunday,Mumbai,Western Suburbs,Western Express Highway (Kandivali - Goregaon),19.232608,72.869852,Two-Wheeler / Bike,Urban,Grievous/Major,1,0,1,Weather,Medium,Moderate,36.5,Fog,Low,0,2,0.95,1.0,UNIQUE,
ACC-IND-000060,OPEN_ACCIDENT_DATASET,60,2024-04-17,14:00,2024,4,Wednesday,Mumbai,Kurla East,Santa Cruz-Chembur Link Road (SCLR),19.061169,72.872827,Heavy Commercial / Truck,Urban,Minor,0,0,0,Poor Road,Low,Moderate,36.5,Clear,High,1,2,0.95,1.0,UNIQUE,
ACC-IND-000066,OPEN_ACCIDENT_DATASET,66,2022-09-22,10:00,2022,9,Thursday,Mumbai,Thane West,Ghodbunder Road (Thane West),19.264702,72.886613,Car / SUV,Highway,Grievous/Major,2,0,2,Poor Road,High,High,36.5,Clear,High,1,2,0.95,1.0,UNIQUE,
ACC-IND-000067,OPEN_ACCIDENT_DATASET,67,2022-02-27,5:00,2022,2,Sunday,Mumbai,Eastern Suburbs,Eastern Express Highway (Vikhroli - Ghatkopar),19.095423,72.916235,Heavy Commercial / Truck,Rural,Minor,5,0,5,Drunk Driving,High,High,36.5,Fog,Low,1,5,0.95,1.0,UNIQUE,
ACC-IND-000069,OPEN_ACCIDENT_DATASET,69,2023-05-26,6:00,2023,5,Friday,Mumbai,Western Suburbs,Western Express Highway (Kandivali - Goregaon),19.208566,72.896859,Two-Wheeler / Bike,Highway,Grievous/Major,1,0,1,Poor Road,Low,Moderate,36.5,Fog,Low,1,1,0.95,1.0,UNIQUE,
ACC-IND-000088,OPEN_ACCIDENT_DATASET,88,2022-09-28,4:00,2022,9,Wednesday,Mumbai,Dadar Central,Dadar TT Circle / Dr. Ambedkar Road,19.022112,72.844128,Heavy Commercial / Truck,Highway,Minor,4,0,4,Distraction,Low,Moderate,36.5,Fog,Low,0,5,0.95,1.0,UNIQUE,
ACC-IND-000095,OPEN_ACCIDENT_DATASET,95,2024-06-06,22:00,2024,6,Thursday,Mumbai,Navi Mumbai Gateway,Sion Panvel Highway (Mankhurd - Vashi),19.054292,72.941374,Heavy Commercial / Truck,Urban,Grievous/Major,4,0,4,Poor Road,Medium,Moderate,36.5,Fog,Low,0,4,0.95,1.0,UNIQUE,
ACC-IND-000105,OPEN_ACCIDENT_DATASET,105,2024-09-12,20:00,2024,9,Monday,Mumbai,Bandra West,Western Express Highway (Bandra - Santacruz),19.071358,72.842056,Heavy Commercial / Truck,Highway,Grievous/Major,0,0,0,Drunk Driving,Low,Moderate,36.5,Rain,Low,1,1,0.95,1.0,UNIQUE,
ACC-IND-000107,OPEN_ACCIDENT_DATASET,107,2023-11-22,22:00,2023,11,Wednesday,Mumbai,Sion-Chembur,Eastern Express Highway (Sion - Chembur),19.055029,72.884619,Two-Wheeler / Bike,Rural,Minor,1,0,1,Drunk Driving,Low,Moderate,36.5,Rain,Medium,1,5,0.95,1.0,UNIQUE,
ACC-IND-000139,OPEN_ACCIDENT_DATASET,139,2024-02-13,10:00,2024,2,Tuesday,Mumbai,South Mumbai,Marine Drive Promenade / Netaji Subhash Road,18.943927,72.823708,Heavy Commercial / Truck,Highway,Grievous/Major,0,0,0,Weather,High,High,36.5,Fog,Low,1,3,0.95,1.0,UNIQUE,
ACC-IND-000155,OPEN_ACCIDENT_DATASET,155,2022-03-28,10:00,2022,3,Monday,Mumbai,Eastern Suburbs,Eastern Express Highway (Vikhroli - Ghatkopar),19.090344,72.902108,Car / SUV,Urban,Fatal,1,1,2,Weather,High,High,36.5,Clear,High,0,2,0.95,1.0,UNIQUE,
ACC-IND-000189,OPEN_ACCIDENT_DATASET,189,2023-02-28,8:00,2023,2,Tuesday,Mumbai,Kurla / Ghatkopar,LBS Marg (Kurla - Ghatkopar),19.084823,72.89028,Heavy Commercial / Truck,Highway,Grievous/Major,0,0,0,Poor Road,Low,Moderate,36.5,Fog,Low,0,1,0.95,1.0,UNIQUE,
ACC-IND-000197,OPEN_ACCIDENT_DATASET,197,2022-04-11,2:00,2022,4,Friday,Mumbai,Eastern Suburbs,Eastern Express Highway (Vikhroli - Ghatkopar),19.100399,72.914967,Car / SUV,Urban,Grievous/Major,2,0,2,Weather,High,High,36.5,Clear,High,1,2,0.95,1.0,UNIQUE,
ACC-IND-000199,OPEN_ACCIDENT_DATASET,199,2024-04-20,9:00,2024,4,Saturday,Mumbai,Kurla / Ghatkopar,LBS Marg (Kurla - Ghatkopar),19.093036,72.876566,Two-Wheeler / Bike,Highway,Fatal,0,1,1,Drunk Driving,Low,Moderate,36.5,Rain,Medium,1,1,0.95,1.0,UNIQUE,
ACC-IND-000212,OPEN_ACCIDENT_DATASET,212,2024-06-05,15:00,2024,6,Monday,Mumbai,Navi Mumbai Gateway,Sion Panvel Highway (Mankhurd - Vashi),19.057724,72.937785,Heavy Commercial / Truck,Urban,Grievous/Major,0,0,0,Distraction,Low,Moderate,36.5,Fog,Low,1,2,0.95,1.0,UNIQUE,
ACC-IND-000220,OPEN_ACCIDENT_DATASET,220,2024-09-24,21:00,2024,9,Tuesday,Mumbai,Sion-Chembur,Eastern Express Highway (Sion - Chembur),18.960845,72.922053,Heavy Commercial / Truck,Rural,Minor,0,0,0,Drunk Driving,High,High,36.5,Clear,High,1,2,0.95,1.0,UNIQUE,
ACC-IND-000225,OPEN_ACCIDENT_DATASET,225,2023-10-19,6:00,2023,10,Thursday,Mumbai,Navi Mumbai Gateway,Sion Panvel Highway (Mankhurd - Vashi),19.050614,72.934781,Heavy Commercial / Truck,Rural,Minor,4,0,4,Poor Road,High,High,36.5,Rain,Medium,1,4,0.95,1.0,UNIQUE,
ACC-IND-000240,OPEN_ACCIDENT_DATASET,240,2023-10-26,17:00,2023,10,Thursday,Mumbai,Navi Mumbai Gateway,Sion Panvel Highway (Mankhurd - Vashi),19.000379,72.96346,Heavy Commercial / Truck,Rural,Minor,3,1,4,Weather,High,High,36.5,Rain,Low,0,4,0.95,1.0,UNIQUE,
ACC-IND-000241,OPEN_ACCIDENT_DATASET,241,2023-06-01,7:00,2023,6,Friday,Mumbai,Kurla / Ghatkopar,LBS Marg (Kurla - Ghatkopar),19.085422,72.890124,Car / SUV,Urban,Grievous/Major,2,0,2,Poor Road,High,High,36.5,Rain,Low,0,4,0.95,1.0,UNIQUE,
ACC-IND-000254,OPEN_ACCIDENT_DATASET,254,2023-10-20,20:00,2023,10,Friday,Mumbai,Kurla / Ghatkopar,LBS Marg (Kurla - Ghatkopar),19.082454,72.886473,Heavy Commercial / Truck,Highway,Grievous/Major,0,0,0,Weather,High,High,36.5,Fog,Low,0,5,0.95,1.0,UNIQUE,
ACC-IND-000255,OPEN_ACCIDENT_DATASET,255,2022-01-01,6:00,2022,1,Saturday,Mumbai,Navi Mumbai Gateway,Sion Panvel Highway (Mankhurd - Vashi),19.035655,72.955069,Heavy Commercial / Truck,Highway,Minor,4,1,5,Drunk Driving,Low,Moderate,36.5,Clear,High,0,5,0.95,1.0,UNIQUE,
ACC-IND-000261,OPEN_ACCIDENT_DATASET,261,2022-04-07,7:00,2022,4,Monday,Mumbai,Andheri West,Swami Vivekanand (SV) Road (Andheri West),19.115596,72.802382,Heavy Commercial / Truck,Rural,Grievous/Major,0,0,0,Distraction,Medium,Moderate,36.5,Clear,High,0,1,0.95,1.0,UNIQUE,
ACC-IND-000283,OPEN_ACCIDENT_DATASET,283,2024-11-09,2:00,2024,11,Wednesday,Mumbai,South Mumbai,Marine Drive Promenade / Netaji Subhash Road,18.918465,72.813324,Heavy Commercial / Truck,Urban,Minor,4,0,4,Distraction,High,High,36.5,Fog,Low,0,4,0.95,1.0,UNIQUE,
ACC-IND-000288,OPEN_ACCIDENT_DATASET,288,2022-03-12,4:00,2022,3,Saturday,Mumbai,South Mumbai,Marine Drive Promenade / Netaji Subhash Road,18.87409,72.939462,Two-Wheeler / Bike,Rural,Grievous/Major,1,0,1,Distraction,Low,Moderate,36.5,Rain,Low,1,2,0.95,1.0,UNIQUE,
ACC-IND-000290,OPEN_ACCIDENT_DATASET,290,2022-01-25,10:00,2022,1,Tuesday,Mumbai,Western Suburbs,Western Express Highway (Kandivali - Goregaon),19.160639,72.885188,Car / SUV,Highway,Grievous/Major,2,0,2,Distraction,Low,Moderate,36.5,Fog,Low,1,4,0.95,1.0,UNIQUE,
ACC-IND-000292,OPEN_ACCIDENT_DATASET,292,2024-11-11,5:00,2024,11,Monday,Mumbai,Kurla East,Santa Cruz-Chembur Link Road (SCLR),19.075765,72.875819,Heavy Commercial / Truck,Highway,Fatal,3,1,4,Poor Road,Medium,Moderate,36.5,Rain,Medium,1,4,0.95,1.0,UNIQUE,
ACC-IND-000294,OPEN_ACCIDENT_DATASET,294,2024-10-09,0:00,2024,10,Tuesday,Mumbai,South Mumbai,Marine Drive Promenade / Netaji Subhash Road,18.922093,72.940473,Heavy Commercial / Truck,Highway,Grievous/Major,4,0,4,Weather,Medium,Moderate,36.5,Fog,Low,0,4,0.95,1.0,UNIQUE,
ACC-IND-000296,OPEN_ACCIDENT_DATASET,296,2024-05-30,16:00,2024,5,Thursday,Mumbai,Dadar Central,Dadar TT Circle / Dr. Ambedkar Road,19.019162,72.844701,Car / SUV,Highway,Minor,2,0,2,Distraction,Medium,Moderate,36.5,Rain,Medium,1,3,0.95,1.0,UNIQUE,
ACC-IND-000298,OPEN_ACCIDENT_DATASET,298,2022-05-02,23:00,2022,5,Saturday,Mumbai,Western Suburbs,Western Express Highway (Kandivali - Goregaon),19.277319,72.843699,Heavy Commercial / Truck,Rural,Minor,4,0,4,Poor Road,High,High,36.5,Clear,High,0,5,0.95,1.0,UNIQUE,
ACC-IND-000303,OPEN_ACCIDENT_DATASET,303,2023-06-11,23:00,2023,6,Monday,Mumbai,South Mumbai,Marine Drive Promenade / Netaji Subhash Road,18.904696,72.929499,Two-Wheeler / Bike,Highway,Minor,1,0,1,Weather,Low,Moderate,36.5,Clear,High,0,3,0.95,1.0,UNIQUE,
ACC-IND-000315,OPEN_ACCIDENT_DATASET,315,2024-05-09,22:00,2024,5,Thursday,Mumbai,Sion-Chembur,Eastern Express Highway (Sion - Chembur),19.050244,72.889332,Car / SUV,Rural,Grievous/Major,2,0,2,Drunk Driving,Low,Moderate,36.5,Rain,Medium,1,2,0.95,1.0,UNIQUE,
ACC-IND-000318,OPEN_ACCIDENT_DATASET,318,2024-01-17,16:00,2024,1,Wednesday,Mumbai,Western Suburbs,Western Express Highway (Kandivali - Goregaon),19.27562,72.80497,Two-Wheeler / Bike,Rural,Minor,1,0,1,Poor Road,Medium,Moderate,36.5,Clear,High,0,3,0.95,1.0,UNIQUE,
ACC-IND-000328,OPEN_ACCIDENT_DATASET,328,2022-02-27,14:00,2022,2,Sunday,Mumbai,Sion-Chembur,Eastern Express Highway (Sion - Chembur),19.04709,72.892393,Two-Wheeler / Bike,Rural,Minor,1,0,1,Weather,Medium,Moderate,36.5,Clear,High,1,4,0.95,1.0,UNIQUE,
ACC-IND-000331,OPEN_ACCIDENT_DATASET,331,2023-06-03,8:00,2023,6,Monday,Mumbai,Kurla East,Santa Cruz-Chembur Link Road (SCLR),19.071927,72.881489,Two-Wheeler / Bike,Urban,Fatal,0,1,1,Drunk Driving,Medium,Moderate,36.5,Fog,Low,0,1,0.95,1.0,UNIQUE,
ACC-IND-000360,OPEN_ACCIDENT_DATASET,360,2024-10-14,19:00,2024,10,Monday,Mumbai,South Mumbai,Marine Drive Promenade / Netaji Subhash Road,18.939143,72.824964,Two-Wheeler / Bike,Rural,Grievous/Major,1,0,1,Distraction,Medium,Moderate,36.5,Clear,High,1,5,0.95,1.0,UNIQUE,
ACC-IND-000373,OPEN_ACCIDENT_DATASET,373,2023-04-13,2:00,2023,4,Thursday,Mumbai,South Mumbai,Marine Drive Promenade / Netaji Subhash Road,18.940376,72.823497,Heavy Commercial / Truck,Rural,Minor,0,0,0,Overspeeding,Low,Moderate,36.5,Fog,Low,1,4,0.95,1.0,UNIQUE,
ACC-IND-000377,OPEN_ACCIDENT_DATASET,377,2022-12-20,8:00,2022,12,Tuesday,Mumbai,Thane West,Ghodbunder Road (Thane West),19.288226,72.925037,Two-Wheeler / Bike,Urban,Grievous/Major,1,0,1,Poor Road,High,High,36.5,Clear,High,1,3,0.95,1.0,UNIQUE,
ACC-IND-000378,OPEN_ACCIDENT_DATASET,378,2023-03-16,22:00,2023,3,Thursday,Mumbai,Powai / Andheri East,Jogeshwari-Vikhroli Link Road (JVLR),19.163928,72.942826,Car / SUV,Urban,Minor,2,0,2,Overspeeding,Medium,Moderate,36.5,Clear,High,0,4,0.95,1.0,UNIQUE,
ACC-IND-000379,OPEN_ACCIDENT_DATASET,379,2023-11-20,23:00,2023,11,Monday,Mumbai,Eastern Suburbs,Eastern Express Highway (Vikhroli - Ghatkopar),19.097784,72.91272,Heavy Commercial / Truck,Highway,Grievous/Major,0,0,0,Overspeeding,High,High,36.5,Fog,Low,1,1,0.95,1.0,UNIQUE,
ACC-IND-000389,OPEN_ACCIDENT_DATASET,389,2022-09-18,8:00,2022,9,Sunday,Mumbai,Thane West,Ghodbunder Road (Thane West),19.25538,72.982083,Heavy Commercial / Truck,Urban,Minor,3,0,3,Overspeeding,High,High,36.5,Rain,Medium,0,3,0.95,1.0,UNIQUE,
ACC-IND-000399,OPEN_ACCIDENT_DATASET,399,2023-05-13,16:00,2023,5,Saturday,Mumbai,South Mumbai,Marine Drive Promenade / Netaji Subhash Road,18.94326,72.82227,Two-Wheeler / Bike,Highway,Fatal,0,1,1,Weather,Medium,Moderate,36.5,Rain,Medium,1,1,0.95,1.0,UNIQUE,
ACC-IND-000401,OPEN_ACCIDENT_DATASET,401,2024-03-20,17:00,2024,3,Wednesday,Mumbai,Western Suburbs,Western Express Highway (Kandivali - Goregaon),19.190948,72.77105,Car / SUV,Urban,Minor,2,0,2,Poor Road,High,High,36.5,Clear,High,1,3,0.95,1.0,UNIQUE,
ACC-IND-000409,OPEN_ACCIDENT_DATASET,409,2023-05-23,6:00,2023,5,Tuesday,Mumbai,Kurla East,Santa Cruz-Chembur Link Road (SCLR),19.079654,72.879433,Two-Wheeler / Bike,Highway,Minor,1,0,1,Drunk Driving,Low,Moderate,36.5,Clear,High,0,5,0.95,1.0,UNIQUE,
ACC-IND-000425,OPEN_ACCIDENT_DATASET,425,2024-02-07,5:00,2024,2,Tuesday,Mumbai,South Mumbai,Marine Drive Promenade / Netaji Subhash Road,18.945365,72.821777,Two-Wheeler / Bike,Urban,Grievous/Major,1,0,1,Poor Road,Medium,Moderate,36.5,Rain,Low,1,2,0.95,1.0,UNIQUE,
ACC-IND-000436,OPEN_ACCIDENT_DATASET,436,2024-12-10,20:00,2024,12,Saturday,Mumbai,Thane West,Ghodbunder Road (Thane West),19.292175,72.961276,Heavy Commercial / Truck,Rural,Minor,0,0,0,Distraction,Medium,Moderate,36.5,Rain,Medium,0,2,0.95,1.0,UNIQUE,
ACC-IND-000447,OPEN_ACCIDENT_DATASET,447,2022-10-20,17:00,2022,10,Thursday,Mumbai,Powai / Andheri East,Jogeshwari-Vikhroli Link Road (JVLR),19.12758,72.882852,Heavy Commercial / Truck,Rural,Minor,0,0,0,Drunk Driving,High,High,36.5,Fog,Low,0,1,0.95,1.0,UNIQUE,
ACC-IND-000453,OPEN_ACCIDENT_DATASET,453,2023-01-20,16:00,2023,1,Friday,Mumbai,Navi Mumbai Gateway,Sion Panvel Highway (Mankhurd - Vashi),18.901696,72.9801,Two-Wheeler / Bike,Highway,Minor,1,0,1,Overspeeding,Low,Moderate,36.5,Fog,Low,1,2,0.95,1.0,UNIQUE,
ACC-IND-000460,OPEN_ACCIDENT_DATASET,460,2024-01-12,18:00,2024,1,Sunday,Mumbai,Powai / Andheri East,Jogeshwari-Vikhroli Link Road (JVLR),19.1689,72.924685,Heavy Commercial / Truck,Rural,Minor,0,0,0,Distraction,Medium,Moderate,36.5,Clear,High,0,1,0.95,1.0,UNIQUE,
ACC-IND-000477,OPEN_ACCIDENT_DATASET,477,2022-02-23,5:00,2022,2,Wednesday,Mumbai,South Mumbai,Marine Drive Promenade / Netaji Subhash Road,18.943783,72.827027,Heavy Commercial / Truck,Highway,Fatal,3,1,4,Weather,Medium,Moderate,36.5,Rain,Medium,1,4,0.95,1.0,UNIQUE,
ACC-IND-000486,OPEN_ACCIDENT_DATASET,486,2023-12-14,0:00,2023,12,Thursday,Mumbai,Powai / Andheri East,Jogeshwari-Vikhroli Link Road (JVLR),19.158541,72.929406,Car / SUV,Urban,Minor,2,0,2,Poor Road,Low,Moderate,36.5,Clear,High,1,2,0.95,1.0,UNIQUE,
ACC-IND-000502,OPEN_ACCIDENT_DATASET,502,2022-05-29,10:00,2022,5,Sunday,Mumbai,Navi Mumbai Gateway,Sion Panvel Highway (Mankhurd - Vashi),19.058781,72.937114,Heavy Commercial / Truck,Highway,Fatal,3,1,4,Overspeeding,Medium,Moderate,36.5,Rain,Low,1,4,0.95,1.0,UNIQUE,
ACC-IND-000503,OPEN_ACCIDENT_DATASET,503,2024-05-30,10:00,2024,5,Thursday,Mumbai,South Mumbai,Marine Drive Promenade / Netaji Subhash Road,18.942572,72.82222,Two-Wheeler / Bike,Urban,Minor,1,0,1,Distraction,Medium,Moderate,36.5,Fog,Low,0,1,0.95,1.0,UNIQUE,
ACC-IND-000508,OPEN_ACCIDENT_DATASET,508,2022-02-03,13:00,2022,2,Wednesday,Mumbai,Bandra West,Western Express Highway (Bandra - Santacruz),19.090579,72.834043,Two-Wheeler / Bike,Urban,Minor,1,0,1,Overspeeding,Medium,Moderate,36.5,Clear,High,0,1,0.95,1.0,UNIQUE,
ACC-IND-000509,OPEN_ACCIDENT_DATASET,509,2023-05-17,7:00,2023,5,Wednesday,Mumbai,Eastern Suburbs,Eastern Express Highway (Vikhroli - Ghatkopar),19.097515,72.916863,Heavy Commercial / Truck,Rural,Fatal,4,1,5,Drunk Driving,High,High,36.5,Fog,Low,0,5,0.95,1.0,UNIQUE,
ACC-IND-000513,OPEN_ACCIDENT_DATASET,513,2022-01-29,9:00,2022,1,Saturday,Mumbai,Dadar Central,Dadar TT Circle / Dr. Ambedkar Road,19.021859,72.865643,Heavy Commercial / Truck,Highway,Grievous/Major,2,1,3,Poor Road,Low,Moderate,36.5,Rain,Low,0,4,0.95,1.0,UNIQUE,
ACC-IND-000522,OPEN_ACCIDENT_DATASET,522,2024-09-06,8:00,2024,9,Sunday,Mumbai,Thane West,Ghodbunder Road (Thane West),19.296951,72.838842,Heavy Commercial / Truck,Highway,Grievous/Major,0,0,0,Overspeeding,High,High,36.5,Clear,High,1,1,0.95,1.0,UNIQUE,
ACC-IND-000529,OPEN_ACCIDENT_DATASET,529,2025-02-15,3:00,2025,2,Saturday,Mumbai,South Mumbai,Marine Drive Promenade / Netaji Subhash Road,18.897726,72.821774,Heavy Commercial / Truck,Urban,Grievous/Major,3,0,3,Distraction,Low,Moderate,36.5,Rain,Low,0,3,0.95,1.0,UNIQUE,
ACC-IND-000533,OPEN_ACCIDENT_DATASET,533,2025-03-28,19:00,2025,3,Friday,Mumbai,Navi Mumbai Gateway,Sion Panvel Highway (Mankhurd - Vashi),18.904708,72.989132,Heavy Commercial / Truck,Highway,Grievous/Major,4,0,4,Drunk Driving,Low,Moderate,36.5,Fog,Low,1,5,0.95,1.0,UNIQUE,
ACC-IND-000534,OPEN_ACCIDENT_DATASET,534,2023-06-06,18:00,2023,6,Tuesday,Mumbai,Bandra West,Western Express Highway (Bandra - Santacruz),19.071047,72.837153,Two-Wheeler / Bike,Rural,Grievous/Major,1,0,1,Poor Road,Medium,Moderate,36.5,Clear,High,1,4,0.95,1.0,UNIQUE,
ACC-IND-000537,OPEN_ACCIDENT_DATASET,537,2023-02-19,0:00,2023,2,Sunday,Mumbai,Western Suburbs,Western Express Highway (Kandivali - Goregaon),19.17639,72.83154,Two-Wheeler / Bike,Highway,Minor,1,0,1,Overspeeding,Low,Moderate,36.5,Rain,Low,0,4,0.95,1.0,UNIQUE,
ACC-IND-000539,OPEN_ACCIDENT_DATASET,539,2023-09-28,6:00,2023,9,Thursday,Mumbai,South Mumbai,Marine Drive Promenade / Netaji Subhash Road,18.877165,72.922716,Heavy Commercial / Truck,Urban,Grievous/Major,0,0,0,Overspeeding,Medium,Moderate,36.5,Rain,Medium,1,5,0.95,1.0,UNIQUE,
ACC-IND-000540,OPEN_ACCIDENT_DATASET,540,2022-01-01,21:00,2022,1,Saturday,Mumbai,Powai / Andheri East,Jogeshwari-Vikhroli Link Road (JVLR),19.113284,72.889961,Heavy Commercial / Truck,Rural,Grievous/Major,3,0,3,Drunk Driving,High,High,36.5,Rain,Medium,1,5,0.95,1.0,UNIQUE,
ACC-IND-000550,OPEN_ACCIDENT_DATASET,550,2022-01-11,21:00,2022,1,Tuesday,Mumbai,Navi Mumbai Gateway,Sion Panvel Highway (Mankhurd - Vashi),19.071293,72.927183,Two-Wheeler / Bike,Rural,Grievous/Major,1,0,1,Distraction,Low,Moderate,36.5,Clear,High,1,3,0.95,1.0,UNIQUE,
ACC-IND-000560,OPEN_ACCIDENT_DATASET,560,2023-09-08,14:00,2023,9,Wednesday,Mumbai,South Mumbai,Marine Drive Promenade / Netaji Subhash Road,18.949404,72.878909,Two-Wheeler / Bike,Highway,Minor,1,0,1,Distraction,Medium,Moderate,36.5,Fog,Low,0,1,0.95,1.0,UNIQUE,
ACC-IND-000566,OPEN_ACCIDENT_DATASET,566,2023-10-10,6:00,2023,10,Tuesday,Mumbai,Bandra West,Western Express Highway (Bandra - Santacruz),19.07549,72.797602,Heavy Commercial / Truck,Highway,Grievous/Major,0,0,0,Drunk Driving,High,High,36.5,Rain,Low,1,1,0.95,1.0,UNIQUE,
ACC-IND-000569,OPEN_ACCIDENT_DATASET,569,2022-02-12,15:00,2022,2,Friday,Mumbai,Dadar Central,Dadar TT Circle / Dr. Ambedkar Road,19.023546,72.846624,Heavy Commercial / Truck,Rural,Grievous/Major,0,0,0,Overspeeding,Medium,Moderate,36.5,Rain,Low,0,5,0.95,1.0,UNIQUE,
ACC-IND-000571,OPEN_ACCIDENT_DATASET,571,2024-08-28,2:00,2024,8,Wednesday,Mumbai,Thane West,Ghodbunder Road (Thane West),19.260067,72.97086,Heavy Commercial / Truck,Rural,Minor,0,0,0,Poor Road,Low,Moderate,36.5,Clear,High,0,1,0.95,1.0,UNIQUE,
ACC-IND-000579,OPEN_ACCIDENT_DATASET,579,2024-10-11,6:00,2024,10,Sunday,Mumbai,Navi Mumbai Gateway,Sion Panvel Highway (Mankhurd - Vashi),19.097344,72.991926,Two-Wheeler / Bike,Rural,Minor,1,0,1,Weather,Medium,Moderate,36.5,Rain,Low,1,2,0.95,1.0,UNIQUE,
ACC-IND-000614,OPEN_ACCIDENT_DATASET,614,2023-04-26,17:00,2023,4,Wednesday,Mumbai,South Mumbai,Marine Drive Promenade / Netaji Subhash Road,18.856408,72.914772,Heavy Commercial / Truck,Urban,Grievous/Major,0,0,0,Overspeeding,High,High,36.5,Clear,High,0,3,0.95,1.0,UNIQUE,
ACC-IND-000617,OPEN_ACCIDENT_DATASET,617,2024-11-23,6:00,2024,11,Saturday,Mumbai,Kurla East,Santa Cruz-Chembur Link Road (SCLR),19.069303,72.883893,Heavy Commercial / Truck,Rural,Minor,0,0,0,Poor Road,Medium,Moderate,36.5,Fog,Low,0,5,0.95,1.0,UNIQUE,
ACC-IND-000623,OPEN_ACCIDENT_DATASET,623,2023-08-21,9:00,2023,8,Monday,Mumbai,Navi Mumbai Gateway,Sion Panvel Highway (Mankhurd - Vashi),19.014152,72.970411,Two-Wheeler / Bike,Rural,Grievous/Major,1,0,1,Poor Road,High,High,36.5,Rain,Low,1,4,0.95,1.0,UNIQUE,
ACC-IND-000627,OPEN_ACCIDENT_DATASET,627,2022-12-01,18:00,2022,12,Wednesday,Mumbai,Sion-Chembur,Eastern Express Highway (Sion - Chembur),19.045154,72.885365,Two-Wheeler / Bike,Rural,Grievous/Major,1,0,1,Poor Road,High,High,36.5,Clear,High,1,2,0.95,1.0,UNIQUE,
ACC-IND-000635,OPEN_ACCIDENT_DATASET,635,2023-05-16,17:00,2023,5,Tuesday,Mumbai,Dadar Central,Dadar TT Circle / Dr. Ambedkar Road,19.029433,72.832349,Heavy Commercial / Truck,Highway,Minor,5,0,5,Weather,High,High,36.5,Rain,Medium,1,5,0.95,1.0,UNIQUE,
ACC-IND-000650,OPEN_ACCIDENT_DATASET,650,2025-01-29,9:00,2025,1,Wednesday,Mumbai,Lower Parel,Lower Parel Commercial Hub / Senapati Bapat Marg,18.984322,72.861388,Heavy Commercial / Truck,Rural,Grievous/Major,3,1,4,Drunk Driving,Medium,Moderate,36.5,Clear,High,1,4,0.95,1.0,UNIQUE,
ACC-IND-000652,OPEN_ACCIDENT_DATASET,652,2022-01-24,8:00,2022,1,Monday,Mumbai,Eastern Suburbs,Eastern Express Highway (Vikhroli - Ghatkopar),19.095113,72.914794,Car / SUV,Highway,Grievous/Major,2,0,2,Drunk Driving,High,High,36.5,Fog,Low,0,4,0.95,1.0,UNIQUE,
ACC-IND-000686,OPEN_ACCIDENT_DATASET,686,2024-11-18,13:00,2024,11,Monday,Mumbai,Dadar Central,Dadar TT Circle / Dr. Ambedkar Road,19.021064,72.841339,Heavy Commercial / Truck,Highway,Grievous/Major,0,0,0,Poor Road,Medium,Moderate,36.5,Rain,Medium,0,1,0.95,1.0,UNIQUE,
ACC-IND-000695,OPEN_ACCIDENT_DATASET,695,2022-07-17,10:00,2022,7,Sunday,Mumbai,Kurla East,Santa Cruz-Chembur Link Road (SCLR),19.070703,72.880396,Two-Wheeler / Bike,Rural,Grievous/Major,1,0,1,Overspeeding,Medium,Moderate,36.5,Clear,High,0,5,0.95,1.0,UNIQUE,
ACC-IND-000716,OPEN_ACCIDENT_DATASET,716,2022-04-18,16:00,2022,4,Monday,Mumbai,Navi Mumbai Gateway,Sion Panvel Highway (Mankhurd - Vashi),18.974481,72.992122,Heavy Commercial / Truck,Urban,Minor,0,0,0,Drunk Driving,Low,Moderate,36.5,Clear,High,1,5,0.95,1.0,UNIQUE,
ACC-IND-000718,OPEN_ACCIDENT_DATASET,718,2022-09-11,6:00,2022,9,Wednesday,Mumbai,Western Suburbs,Western Express Highway (Kandivali - Goregaon),19.249045,72.822909,Two-Wheeler / Bike,Urban,Grievous/Major,1,0,1,Overspeeding,Medium,Moderate,36.5,Fog,Low,1,4,0.95,1.0,UNIQUE,
ACC-IND-000720,OPEN_ACCIDENT_DATASET,720,2022-07-23,17:00,2022,7,Saturday,Mumbai,Western Suburbs,Western Express Highway (Kandivali - Goregaon),19.256388,72.793758,Heavy Commercial / Truck,Urban,Grievous/Major,2,1,3,Overspeeding,Medium,Moderate,36.5,Clear,High,0,5,0.95,1.0,UNIQUE,
ACC-IND-000725,OPEN_ACCIDENT_DATASET,725,2022-09-02,17:00,2022,9,Wednesday,Mumbai,Navi Mumbai Gateway,Sion Panvel Highway (Mankhurd - Vashi),19.062073,72.985451,Heavy Commercial / Truck,Rural,Fatal,3,1,4,Overspeeding,High,High,36.5,Rain,Low,1,4,0.95,1.0,UNIQUE,
ACC-IND-000742,OPEN_ACCIDENT_DATASET,742,2022-12-30,4:00,2022,12,Friday,Mumbai,Dadar Central,Dadar TT Circle / Dr. Ambedkar Road,19.00103,72.866264,Heavy Commercial / Truck,Rural,Minor,4,0,4,Distraction,Low,Moderate,36.5,Clear,High,1,4,0.95,1.0,UNIQUE,
ACC-IND-000745,OPEN_ACCIDENT_DATASET,745,2022-06-02,5:00,2022,6,Sunday,Mumbai,Navi Mumbai Gateway,Sion Panvel Highway (Mankhurd - Vashi),19.054881,72.936542,Two-Wheeler / Bike,Urban,Minor,1,0,1,Poor Road,Medium,Moderate,36.5,Fog,Low,0,2,0.95,1.0,UNIQUE,
ACC-IND-000763,OPEN_ACCIDENT_DATASET,763,2024-02-01,18:00,2024,2,Tuesday,Mumbai,Thane West,Ghodbunder Road (Thane West),19.292492,72.955907,Heavy Commercial / Truck,Rural,Minor,0,0,0,Distraction,High,High,36.5,Rain,Low,1,1,0.95,1.0,UNIQUE,
ACC-IND-000776,OPEN_ACCIDENT_DATASET,776,2022-08-23,21:00,2022,8,Tuesday,Mumbai,South Mumbai,Marine Drive Promenade / Netaji Subhash Road,18.941268,72.824707,Heavy Commercial / Truck,Urban,Minor,2,1,3,Drunk Driving,High,High,36.5,Rain,Low,1,4,0.95,1.0,UNIQUE,
ACC-IND-000784,OPEN_ACCIDENT_DATASET,784,2025-03-28,14:00,2025,3,Friday,Mumbai,Navi Mumbai Gateway,Sion Panvel Highway (Mankhurd - Vashi),19.055703,72.930991,Two-Wheeler / Bike,Highway,Minor,1,0,1,Distraction,Medium,Moderate,36.5,Clear,High,0,3,0.95,1.0,UNIQUE,
ACC-IND-000786,OPEN_ACCIDENT_DATASET,786,2022-10-14,22:00,2022,10,Friday,Mumbai,South Mumbai,Marine Drive Promenade / Netaji Subhash Road,18.852206,72.921028,Heavy Commercial / Truck,Rural,Minor,4,0,4,Poor Road,Medium,Moderate,36.5,Clear,High,0,5,0.95,1.0,UNIQUE,
ACC-IND-000792,OPEN_ACCIDENT_DATASET,792,2024-11-23,1:00,2024,11,Saturday,Mumbai,Andheri West,Swami Vivekanand (SV) Road (Andheri West),19.111111,72.792785,Two-Wheeler / Bike,Highway,Minor,1,0,1,Weather,Low,Moderate,36.5,Clear,High,0,1,0.95,1.0,UNIQUE,
ACC-IND-000795,OPEN_ACCIDENT_DATASET,795,2024-02-25,22:00,2024,2,Sunday,Mumbai,Western Suburbs,Western Express Highway (Kandivali - Goregaon),19.228733,72.861817,Heavy Commercial / Truck,Urban,Grievous/Major,0,0,0,Poor Road,Low,Moderate,36.5,Rain,Medium,0,1,0.95,1.0,UNIQUE,
ACC-IND-000806,OPEN_ACCIDENT_DATASET,806,2025-01-04,19:00,2025,1,Tuesday,Mumbai,Lower Parel,Lower Parel Commercial Hub / Senapati Bapat Marg,18.993268,72.823772,Two-Wheeler / Bike,Urban,Fatal,0,1,1,Drunk Driving,High,High,36.5,Fog,Low,1,1,0.95,1.0,UNIQUE,
ACC-IND-000808,OPEN_ACCIDENT_DATASET,808,2023-11-16,17:00,2023,11,Thursday,Mumbai,Eastern Suburbs,Eastern Express Highway (Vikhroli - Ghatkopar),19.099654,72.914212,Car / SUV,Rural,Minor,2,0,2,Poor Road,Medium,Moderate,36.5,Fog,Low,0,4,0.95,1.0,UNIQUE,
ACC-IND-000815,OPEN_ACCIDENT_DATASET,815,2024-12-07,12:00,2024,12,Friday,Mumbai,Lower Parel,Lower Parel Commercial Hub / Senapati Bapat Marg,18.992129,72.818949,Two-Wheeler / Bike,Highway,Minor,1,0,1,Overspeeding,Medium,Moderate,36.5,Clear,High,0,4,0.95,1.0,UNIQUE,
ACC-IND-000832,OPEN_ACCIDENT_DATASET,832,2024-10-12,1:00,2024,10,Tuesday,Mumbai,South Mumbai,Marine Drive Promenade / Netaji Subhash Road,18.93698,72.856051,Two-Wheeler / Bike,Urban,Minor,1,0,1,Poor Road,Low,Moderate,36.5,Rain,Medium,0,3,0.95,1.0,UNIQUE,
ACC-IND-000845,OPEN_ACCIDENT_DATASET,845,2022-07-21,7:00,2022,7,Thursday,Mumbai,Western Suburbs,Western Express Highway (Kandivali - Goregaon),19.200452,72.822912,Car / SUV,Rural,Grievous/Major,2,0,2,Overspeeding,Low,Moderate,36.5,Rain,Low,1,4,0.95,1.0,UNIQUE,
ACC-IND-000862,OPEN_ACCIDENT_DATASET,862,2023-01-28,12:00,2023,1,Saturday,Mumbai,Western Suburbs,Western Express Highway (Kandivali - Goregaon),19.182355,72.858309,Heavy Commercial / Truck,Rural,Minor,0,0,0,Overspeeding,Medium,Moderate,36.5,Fog,Low,0,2,0.95,1.0,UNIQUE,
ACC-IND-000868,OPEN_ACCIDENT_DATASET,868,2024-07-29,12:00,2024,7,Monday,Mumbai,Dadar Central,Dadar TT Circle / Dr. Ambedkar Road,19.019777,72.835932,Heavy Commercial / Truck,Urban,Minor,2,1,3,Distraction,Low,Moderate,36.5,Rain,Low,1,4,0.95,1.0,UNIQUE,
ACC-IND-000894,OPEN_ACCIDENT_DATASET,894,2022-12-30,23:00,2022,12,Friday,Mumbai,South Mumbai,Marine Drive Promenade / Netaji Subhash Road,18.870205,72.842773,Car / SUV,Highway,Fatal,1,1,2,Distraction,Low,Moderate,36.5,Fog,Low,0,2,0.95,1.0,UNIQUE,
ACC-IND-000900,OPEN_ACCIDENT_DATASET,900,2022-05-07,20:00,2022,5,Tuesday,Mumbai,Sion-Chembur,Eastern Express Highway (Sion - Chembur),19.046451,72.893947,Heavy Commercial / Truck,Highway,Grievous/Major,5,0,5,Weather,Medium,Moderate,36.5,Fog,Low,0,5,0.95,1.0,UNIQUE,
ACC-IND-000905,OPEN_ACCIDENT_DATASET,905,2022-07-03,0:00,2022,7,Monday,Mumbai,Navi Mumbai Gateway,Sion Panvel Highway (Mankhurd - Vashi),19.05184,72.961392,Two-Wheeler / Bike,Urban,Minor,1,0,1,Drunk Driving,Low,Moderate,36.5,Clear,High,1,5,0.95,1.0,UNIQUE,
ACC-IND-000913,OPEN_ACCIDENT_DATASET,913,2024-04-15,1:00,2024,4,Monday,Mumbai,Navi Mumbai Gateway,Sion Panvel Highway (Mankhurd - Vashi),19.024404,72.953152,Heavy Commercial / Truck,Urban,Minor,3,1,4,Weather,Low,Moderate,36.5,Fog,Low,1,4,0.95,1.0,UNIQUE,
ACC-IND-000915,OPEN_ACCIDENT_DATASET,915,2022-04-22,11:00,2022,4,Friday,Mumbai,Powai / Andheri East,Jogeshwari-Vikhroli Link Road (JVLR),19.128088,72.885394,Car / SUV,Highway,Minor,2,0,2,Distraction,Medium,Moderate,36.5,Clear,High,0,3,0.95,1.0,UNIQUE,
ACC-IND-000924,OPEN_ACCIDENT_DATASET,924,2022-01-21,6:00,2022,1,Friday,Mumbai,Bandra West,Western Express Highway (Bandra - Santacruz),19.065266,72.843383,Heavy Commercial / Truck,Rural,Grievous/Major,0,0,0,Weather,High,High,36.5,Rain,Low,0,4,0.95,1.0,UNIQUE,
ACC-IND-000932,OPEN_ACCIDENT_DATASET,932,2023-10-26,17:00,2023,10,Thursday,Mumbai,Thane West,Ghodbunder Road (Thane West),19.174754,72.969766,Car / SUV,Rural,Minor,2,0,2,Distraction,High,High,36.5,Fog,Low,0,2,0.95,1.0,UNIQUE,
ACC-IND-000945,OPEN_ACCIDENT_DATASET,945,2024-08-18,22:00,2024,8,Sunday,Mumbai,Western Suburbs,Western Express Highway (Kandivali - Goregaon),19.167365,72.79268,Heavy Commercial / Truck,Highway,Grievous/Major,2,1,3,Weather,Medium,Moderate,36.5,Fog,Low,1,3,0.95,1.0,UNIQUE,
ACC-IND-000960,OPEN_ACCIDENT_DATASET,960,2024-06-02,15:00,2024,6,Tuesday,Mumbai,Lower Parel,Lower Parel Commercial Hub / Senapati Bapat Marg,18.993481,72.828364,Two-Wheeler / Bike,Rural,Minor,1,0,1,Weather,High,High,36.5,Rain,Medium,0,4,0.95,1.0,UNIQUE,
ACC-IND-000962,OPEN_ACCIDENT_DATASET,962,2023-10-04,14:00,2023,10,Monday,Mumbai,South Mumbai,Marine Drive Promenade / Netaji Subhash Road,18.927251,72.919959,Heavy Commercial / Truck,Highway,Minor,0,0,0,Weather,Medium,Moderate,36.5,Fog,Low,1,4,0.95,1.0,UNIQUE,
ACC-IND-000972,OPEN_ACCIDENT_DATASET,972,2023-09-10,16:00,2023,9,Monday,Mumbai,Western Suburbs,Western Express Highway (Kandivali - Goregaon),19.205237,72.835166,Car / SUV,Urban,Minor,2,0,2,Poor Road,Medium,Moderate,36.5,Clear,High,1,3,0.95,1.0,UNIQUE,
ACC-IND-000976,OPEN_ACCIDENT_DATASET,976,2023-04-03,2:00,2023,4,Saturday,Mumbai,Eastern Suburbs,Eastern Express Highway (Vikhroli - Ghatkopar),19.165947,72.979915,Heavy Commercial / Truck,Urban,Minor,0,0,0,Poor Road,Low,Moderate,36.5,Clear,High,1,3,0.95,1.0,UNIQUE,
ACC-IND-000987,OPEN_ACCIDENT_DATASET,987,2024-01-01,9:00,2024,1,Monday,Mumbai,Western Suburbs,Western Express Highway (Kandivali - Goregaon),19.177278,72.822659,Heavy Commercial / Truck,Rural,Grievous/Major,5,0,5,Overspeeding,High,High,36.5,Clear,High,0,5,0.95,1.0,UNIQUE,
ACC-IND-001011,OPEN_ACCIDENT_DATASET,1011,2022-12-19,22:00,2022,12,Monday,Mumbai,Western Suburbs,Western Express Highway (Kandivali - Goregaon),19.180973,72.873025,Car / SUV,Highway,Grievous/Major,2,0,2,Poor Road,Low,Moderate,36.5,Clear,High,0,2,0.95,1.0,UNIQUE,
ACC-IND-001015,OPEN_ACCIDENT_DATASET,1015,2022-01-22,9:00,2022,1,Saturday,Mumbai,Bandra West,Western Express Highway (Bandra - Santacruz),19.066679,72.842016,Heavy Commercial / Truck,Rural,Fatal,4,1,5,Distraction,Low,Moderate,36.5,Clear,High,0,5,0.95,1.0,UNIQUE,
ACC-IND-001016,OPEN_ACCIDENT_DATASET,1016,2024-08-14,13:00,2024,8,Wednesday,Mumbai,Eastern Suburbs,Eastern Express Highway (Vikhroli - Ghatkopar),19.098549,72.917697,Two-Wheeler / Bike,Urban,Minor,1,0,1,Poor Road,Low,Moderate,36.5,Fog,Low,1,2,0.95,1.0,UNIQUE,
ACC-IND-001025,OPEN_ACCIDENT_DATASET,1025,2022-12-25,7:00,2022,12,Sunday,Mumbai,Lower Parel,Lower Parel Commercial Hub / Senapati Bapat Marg,18.994992,72.826982,Heavy Commercial / Truck,Rural,Minor,3,0,3,Distraction,Medium,Moderate,36.5,Clear,High,0,4,0.95,1.0,UNIQUE,
ACC-IND-001035,OPEN_ACCIDENT_DATASET,1035,2024-06-22,18:00,2024,6,Saturday,Mumbai,Andheri West,Swami Vivekanand (SV) Road (Andheri West),19.108496,72.846422,Heavy Commercial / Truck,Urban,Minor,2,1,3,Drunk Driving,High,High,36.5,Clear,High,0,5,0.95,1.0,UNIQUE,
ACC-IND-001049,OPEN_ACCIDENT_DATASET,1049,2022-12-11,14:00,2022,12,Saturday,Mumbai,South Mumbai,Marine Drive Promenade / Netaji Subhash Road,18.942598,72.825388,Heavy Commercial / Truck,Rural,Grievous/Major,2,1,3,Weather,Medium,Moderate,36.5,Rain,Medium,0,3,0.95,1.0,UNIQUE,
ACC-IND-001055,OPEN_ACCIDENT_DATASET,1055,2024-01-31,2:00,2024,1,Wednesday,Mumbai,Western Suburbs,Western Express Highway (Kandivali - Goregaon),19.186996,72.818626,Heavy Commercial / Truck,Urban,Grievous/Major,4,0,4,Drunk Driving,Low,Moderate,36.5,Rain,Low,0,4,0.95,1.0,UNIQUE,
ACC-IND-001063,OPEN_ACCIDENT_DATASET,1063,2025-01-13,21:00,2025,1,Monday,Mumbai,South Mumbai,Marine Drive Promenade / Netaji Subhash Road,18.923432,72.910162,Two-Wheeler / Bike,Rural,Grievous/Major,1,0,1,Drunk Driving,Medium,Moderate,36.5,Clear,High,0,1,0.95,1.0,UNIQUE,
ACC-IND-001070,OPEN_ACCIDENT_DATASET,1070,2022-07-16,11:00,2022,7,Saturday,Mumbai,Western Suburbs,Western Express Highway (Kandivali - Goregaon),19.149028,72.830288,Two-Wheeler / Bike,Rural,Minor,1,0,1,Drunk Driving,High,High,36.5,Rain,Low,1,2,0.95,1.0,UNIQUE,
ACC-IND-001077,OPEN_ACCIDENT_DATASET,1077,2023-12-07,22:00,2023,12,Wednesday,Mumbai,Lower Parel,Lower Parel Commercial Hub / Senapati Bapat Marg,19.000357,72.826794,Heavy Commercial / Truck,Highway,Grievous/Major,3,0,3,Weather,High,High,36.5,Clear,High,0,4,0.95,1.0,UNIQUE,
ACC-IND-001104,OPEN_ACCIDENT_DATASET,1104,2022-06-09,1:00,2022,6,Tuesday,Mumbai,South Mumbai,Marine Drive Promenade / Netaji Subhash Road,18.931963,72.884583,Car / SUV,Rural,Grievous/Major,2,0,2,Weather,Low,Moderate,36.5,Fog,Low,1,2,0.95,1.0,UNIQUE,
ACC-IND-001116,OPEN_ACCIDENT_DATASET,1116,2023-09-06,10:00,2023,9,Friday,Mumbai,Western Suburbs,Western Express Highway (Kandivali - Goregaon),19.192173,72.820754,Heavy Commercial / Truck,Highway,Minor,0,0,0,Overspeeding,Medium,Moderate,36.5,Clear,High,1,3,0.95,1.0,UNIQUE,
ACC-IND-001117,OPEN_ACCIDENT_DATASET,1117,2024-04-10,15:00,2024,4,Friday,Mumbai,Sion-Chembur,Eastern Express Highway (Sion - Chembur),18.998895,72.922412,Car / SUV,Highway,Fatal,1,1,2,Distraction,Low,Moderate,36.5,Rain,Medium,0,2,0.95,1.0,UNIQUE,
ACC-IND-001118,OPEN_ACCIDENT_DATASET,1118,2024-04-11,5:00,2024,4,Monday,Mumbai,South Mumbai,Marine Drive Promenade / Netaji Subhash Road,18.953767,72.813528,Two-Wheeler / Bike,Highway,Minor,1,0,1,Weather,Low,Moderate,36.5,Fog,Low,1,4,0.95,1.0,UNIQUE,
ACC-IND-001123,OPEN_ACCIDENT_DATASET,1123,2023-05-13,0:00,2023,5,Saturday,Mumbai,South Mumbai,Marine Drive Promenade / Netaji Subhash Road,18.875242,72.96189,Two-Wheeler / Bike,Urban,Minor,1,0,1,Distraction,Medium,Moderate,36.5,Clear,High,1,1,0.95,1.0,UNIQUE,
ACC-IND-001131,OPEN_ACCIDENT_DATASET,1131,2024-07-13,7:00,2024,7,Saturday,Mumbai,Western Suburbs,Western Express Highway (Kandivali - Goregaon),19.16421,72.855376,Heavy Commercial / Truck,Highway,Grievous/Major,4,0,4,Distraction,Medium,Moderate,36.5,Rain,Medium,1,4,0.95,1.0,UNIQUE,
ACC-IND-001135,OPEN_ACCIDENT_DATASET,1135,2024-02-02,8:00,2024,2,Friday,Mumbai,Thane West,Ghodbunder Road (Thane West),19.221086,72.943044,Car / SUV,Urban,Grievous/Major,2,0,2,Distraction,High,High,36.5,Rain,Medium,0,2,0.95,1.0,UNIQUE,
ACC-IND-001145,OPEN_ACCIDENT_DATASET,1145,2023-09-16,7:00,2023,9,Saturday,Mumbai,Eastern Suburbs,Eastern Express Highway (Vikhroli - Ghatkopar),19.137008,72.985477,Heavy Commercial / Truck,Rural,Minor,0,0,0,Weather,Medium,Moderate,36.5,Clear,High,0,3,0.95,1.0,UNIQUE,
ACC-IND-001156,OPEN_ACCIDENT_DATASET,1156,2023-01-10,12:00,2023,1,Sunday,Mumbai,Navi Mumbai Gateway,Sion Panvel Highway (Mankhurd - Vashi),19.012057,72.954683,Heavy Commercial / Truck,Rural,Grievous/Major,0,0,0,Weather,Medium,Moderate,36.5,Fog,Low,1,1,0.95,1.0,UNIQUE,
ACC-IND-001162,OPEN_ACCIDENT_DATASET,1162,2023-12-17,19:00,2023,12,Sunday,Mumbai,Powai / Andheri East,Jogeshwari-Vikhroli Link Road (JVLR),19.128339,72.88963,Heavy Commercial / Truck,Highway,Minor,4,0,4,Overspeeding,Low,Moderate,36.5,Fog,Low,0,4,0.95,1.0,UNIQUE,
ACC-IND-001169,OPEN_ACCIDENT_DATASET,1169,2025-08-03,6:00,2025,8,Saturday,Mumbai,South Mumbai,Marine Drive Promenade / Netaji Subhash Road,18.852906,72.946871,Heavy Commercial / Truck,Highway,Minor,4,0,4,Distraction,High,High,36.5,Rain,Medium,1,4,0.95,1.0,UNIQUE,
ACC-IND-001172,OPEN_ACCIDENT_DATASET,1172,2024-03-21,2:00,2024,3,Thursday,Mumbai,Eastern Suburbs,Eastern Express Highway (Vikhroli - Ghatkopar),19.1432,72.959217,Two-Wheeler / Bike,Urban,Minor,1,0,1,Poor Road,Low,Moderate,36.5,Clear,High,0,4,0.95,1.0,UNIQUE,
ACC-IND-001179,OPEN_ACCIDENT_DATASET,1179,2024-09-30,14:00,2024,9,Monday,Mumbai,South Mumbai,Marine Drive Promenade / Netaji Subhash Road,18.945158,72.828039,Heavy Commercial / Truck,Highway,Minor,3,1,4,Poor Road,High,High,36.5,Fog,Low,1,5,0.95,1.0,UNIQUE,
ACC-IND-001180,OPEN_ACCIDENT_DATASET,1180,2025-02-14,19:00,2025,2,Friday,Mumbai,Thane West,Ghodbunder Road (Thane West),19.293086,72.889535,Heavy Commercial / Truck,Rural,Minor,4,1,5,Distraction,Medium,Moderate,36.5,Rain,Low,0,5,0.95,1.0,UNIQUE,
ACC-IND-001185,OPEN_ACCIDENT_DATASET,1185,2023-05-28,18:00,2023,5,Sunday,Mumbai,Eastern Suburbs,Eastern Express Highway (Vikhroli - Ghatkopar),19.097881,72.917459,Two-Wheeler / Bike,Highway,Grievous/Major,1,0,1,Weather,Medium,Moderate,36.5,Rain,Low,0,4,0.95,1.0,UNIQUE,
ACC-IND-001186,OPEN_ACCIDENT_DATASET,1186,2024-06-30,12:00,2024,6,Sunday,Mumbai,South Mumbai,Marine Drive Promenade / Netaji Subhash Road,18.937228,72.913088,Two-Wheeler / Bike,Rural,Minor,1,0,1,Distraction,Low,Moderate,36.5,Fog,Low,0,1,0.95,1.0,UNIQUE,
ACC-IND-001188,OPEN_ACCIDENT_DATASET,1188,2024-05-19,14:00,2024,5,Sunday,Mumbai,Powai / Andheri East,Jogeshwari-Vikhroli Link Road (JVLR),19.123369,72.885219,Heavy Commercial / Truck,Highway,Minor,0,0,0,Overspeeding,Low,Moderate,36.5,Clear,High,1,2,0.95,1.0,UNIQUE,
ACC-IND-001194,OPEN_ACCIDENT_DATASET,1194,2023-10-10,8:00,2023,10,Tuesday,Mumbai,Lower Parel,Lower Parel Commercial Hub / Senapati Bapat Marg,18.996459,72.824884,Heavy Commercial / Truck,Urban,Fatal,3,1,4,Overspeeding,High,High,36.5,Fog,Low,1,4,0.95,1.0,UNIQUE,
ACC-IND-001205,OPEN_ACCIDENT_DATASET,1205,2024-03-08,14:00,2024,3,Saturday,Mumbai,South Mumbai,Marine Drive Promenade / Netaji Subhash Road,18.923979,72.866908,Heavy Commercial / Truck,Rural,Minor,0,0,0,Overspeeding,Medium,Moderate,36.5,Clear,High,1,1,0.95,1.0,UNIQUE,
ACC-IND-001209,OPEN_ACCIDENT_DATASET,1209,2022-05-17,16:00,2022,5,Tuesday,Mumbai,Navi Mumbai Gateway,Sion Panvel Highway (Mankhurd - Vashi),19.079194,72.974309,Heavy Commercial / Truck,Highway,Grievous/Major,3,1,4,Weather,Low,Moderate,36.5,Fog,Low,1,5,0.95,1.0,UNIQUE,
ACC-IND-001215,OPEN_ACCIDENT_DATASET,1215,2023-09-29,17:00,2023,9,Friday,Mumbai,Kurla East,Santa Cruz-Chembur Link Road (SCLR),19.074076,72.881387,Heavy Commercial / Truck,Highway,Minor,0,0,0,Poor Road,Medium,Moderate,36.5,Rain,Medium,0,1,0.95,1.0,UNIQUE,
ACC-IND-001240,OPEN_ACCIDENT_DATASET,1240,2022-04-22,8:00,2022,4,Friday,Mumbai,Sion-Chembur,Eastern Express Highway (Sion - Chembur),18.99399,72.906749,Two-Wheeler / Bike,Highway,Minor,1,0,1,Drunk Driving,Medium,Moderate,36.5,Clear,High,0,1,0.95,1.0,UNIQUE,
ACC-IND-001246,OPEN_ACCIDENT_DATASET,1246,2023-09-13,0:00,2023,9,Wednesday,Mumbai,Lower Parel,Lower Parel Commercial Hub / Senapati Bapat Marg,18.996819,72.817442,Heavy Commercial / Truck,Urban,Minor,0,0,0,Poor Road,Low,Moderate,36.5,Rain,Medium,1,3,0.95,1.0,UNIQUE,
ACC-IND-001247,OPEN_ACCIDENT_DATASET,1247,2022-01-01,19:00,2022,1,Saturday,Mumbai,Powai / Andheri East,Jogeshwari-Vikhroli Link Road (JVLR),19.152217,72.879779,Heavy Commercial / Truck,Highway,Fatal,4,1,5,Drunk Driving,High,High,36.5,Rain,Low,0,5,0.95,1.0,UNIQUE,
ACC-IND-001252,OPEN_ACCIDENT_DATASET,1252,2023-06-25,20:00,2023,6,Sunday,Mumbai,Navi Mumbai Gateway,Sion Panvel Highway (Mankhurd - Vashi),19.057583,72.936439,Two-Wheeler / Bike,Urban,Minor,1,0,1,Poor Road,Medium,Moderate,36.5,Fog,Low,0,1,0.95,1.0,UNIQUE,
ACC-IND-001256,OPEN_ACCIDENT_DATASET,1256,2023-06-07,10:00,2023,6,Thursday,Mumbai,Andheri West,Swami Vivekanand (SV) Road (Andheri West),19.113485,72.838355,Car / SUV,Rural,Minor,2,0,2,Distraction,Medium,Moderate,36.5,Clear,High,1,4,0.95,1.0,UNIQUE,
ACC-IND-001261,OPEN_ACCIDENT_DATASET,1261,2022-09-12,6:00,2022,9,Friday,Mumbai,Western Suburbs,Western Express Highway (Kandivali - Goregaon),19.163262,72.852915,Two-Wheeler / Bike,Highway,Grievous/Major,1,0,1,Distraction,High,High,36.5,Fog,Low,0,2,0.95,1.0,UNIQUE,
ACC-IND-001294,OPEN_ACCIDENT_DATASET,1294,2024-05-31,3:00,2024,5,Friday,Mumbai,Eastern Suburbs,Eastern Express Highway (Vikhroli - Ghatkopar),19.151685,72.972408,Heavy Commercial / Truck,Rural,Grievous/Major,0,0,0,Distraction,Low,Moderate,36.5,Rain,Medium,1,2,0.95,1.0,UNIQUE,
ACC-IND-001295,OPEN_ACCIDENT_DATASET,1295,2024-03-31,20:00,2024,3,Sunday,Mumbai,Thane West,Ghodbunder Road (Thane West),19.281578,72.889011,Two-Wheeler / Bike,Urban,Minor,1,0,1,Overspeeding,Low,Moderate,36.5,Rain,Medium,0,1,0.95,1.0,UNIQUE,
ACC-IND-001310,OPEN_ACCIDENT_DATASET,1310,2022-08-04,0:00,2022,8,Friday,Mumbai,Dadar Central,Dadar TT Circle / Dr. Ambedkar Road,19.02161,72.84443,Heavy Commercial / Truck,Rural,Grievous/Major,3,1,4,Overspeeding,High,High,36.5,Rain,Low,1,4,0.95,1.0,UNIQUE,
ACC-IND-001325,OPEN_ACCIDENT_DATASET,1325,2024-11-02,4:00,2024,11,Sunday,Mumbai,South Mumbai,Marine Drive Promenade / Netaji Subhash Road,18.947908,72.903908,Heavy Commercial / Truck,Highway,Grievous/Major,0,0,0,Distraction,Low,Moderate,36.5,Rain,Medium,0,3,0.95,1.0,UNIQUE,
ACC-IND-001344,OPEN_ACCIDENT_DATASET,1344,2024-05-14,19:00,2024,5,Tuesday,Mumbai,Powai / Andheri East,Jogeshwari-Vikhroli Link Road (JVLR),19.124938,72.885027,Heavy Commercial / Truck,Highway,Fatal,2,1,3,Weather,Medium,Moderate,36.5,Rain,Medium,1,3,0.95,1.0,UNIQUE,
ACC-IND-001350,OPEN_ACCIDENT_DATASET,1350,2024-12-27,22:00,2024,12,Friday,Mumbai,Lower Parel,Lower Parel Commercial Hub / Senapati Bapat Marg,18.997101,72.831119,Two-Wheeler / Bike,Rural,Grievous/Major,1,0,1,Poor Road,High,High,36.5,Clear,High,0,2,0.95,1.0,UNIQUE,
ACC-IND-001359,OPEN_ACCIDENT_DATASET,1359,2023-12-25,5:00,2023,12,Monday,Mumbai,Western Suburbs,Western Express Highway (Kandivali - Goregaon),19.245155,72.798342,Heavy Commercial / Truck,Urban,Minor,5,0,5,Distraction,Medium,Moderate,36.5,Clear,High,0,5,0.95,1.0,UNIQUE,
ACC-IND-001383,OPEN_ACCIDENT_DATASET,1383,2023-04-21,13:00,2023,4,Friday,Mumbai,Powai / Andheri East,Jogeshwari-Vikhroli Link Road (JVLR),19.125964,72.886175,Two-Wheeler / Bike,Urban,Minor,1,0,1,Distraction,High,High,36.5,Rain,Low,0,3,0.95,1.0,UNIQUE,
ACC-IND-001385,OPEN_ACCIDENT_DATASET,1385,2022-04-30,6:00,2022,4,Saturday,Mumbai,Kurla / Ghatkopar,LBS Marg (Kurla - Ghatkopar),19.075181,72.884427,Car / SUV,Urban,Minor,2,0,2,Distraction,High,High,36.5,Clear,High,0,5,0.95,1.0,UNIQUE,
ACC-IND-001388,OPEN_ACCIDENT_DATASET,1388,2022-09-29,5:00,2022,9,Thursday,Mumbai,Dadar Central,Dadar TT Circle / Dr. Ambedkar Road,19.02132,72.847074,Car / SUV,Rural,Grievous/Major,2,0,2,Drunk Driving,Medium,Moderate,36.5,Fog,Low,1,3,0.95,1.0,UNIQUE,
ACC-IND-001389,OPEN_ACCIDENT_DATASET,1389,2025-03-13,16:00,2025,3,Thursday,Mumbai,Thane West,Ghodbunder Road (Thane West),19.205006,72.940367,Car / SUV,Urban,Minor,2,0,2,Poor Road,Low,Moderate,36.5,Fog,Low,1,2,0.95,1.0,UNIQUE,
ACC-IND-001399,OPEN_ACCIDENT_DATASET,1399,2025-02-04,9:00,2025,2,Wednesday,Mumbai,Andheri West,Swami Vivekanand (SV) Road (Andheri West),19.117158,72.844213,Heavy Commercial / Truck,Rural,Minor,0,0,0,Drunk Driving,High,High,36.5,Fog,Low,0,2,0.95,1.0,UNIQUE,
ACC-IND-001429,OPEN_ACCIDENT_DATASET,1429,2025-02-02,15:00,2025,2,Sunday,Mumbai,Thane West,Ghodbunder Road (Thane West),19.255764,72.96485,Heavy Commercial / Truck,Highway,Grievous/Major,4,1,5,Distraction,Medium,Moderate,36.5,Clear,High,0,5,0.95,1.0,UNIQUE,
ACC-IND-001434,OPEN_ACCIDENT_DATASET,1434,2024-06-03,20:00,2024,6,Wednesday,Mumbai,Western Suburbs,Western Express Highway (Kandivali - Goregaon),19.160415,72.843573,Car / SUV,Highway,Grievous/Major,2,0,2,Distraction,Medium,Moderate,36.5,Rain,Low,1,5,0.95,1.0,UNIQUE,
ACC-IND-001442,OPEN_ACCIDENT_DATASET,1442,2024-09-27,21:00,2024,9,Friday,Mumbai,South Mumbai,Marine Drive Promenade / Netaji Subhash Road,18.941825,72.877077,Heavy Commercial / Truck,Rural,Grievous/Major,0,0,0,Weather,Medium,Moderate,36.5,Rain,Medium,1,1,0.95,1.0,UNIQUE,
ACC-IND-001452,OPEN_ACCIDENT_DATASET,1452,2024-02-15,12:00,2024,2,Thursday,Mumbai,South Mumbai,Marine Drive Promenade / Netaji Subhash Road,18.940075,72.824123,Heavy Commercial / Truck,Rural,Grievous/Major,0,0,0,Distraction,Medium,Moderate,36.5,Rain,Medium,1,5,0.95,1.0,UNIQUE,
ACC-IND-001454,OPEN_ACCIDENT_DATASET,1454,2023-12-02,21:00,2023,12,Sunday,Mumbai,Thane West,Ghodbunder Road (Thane West),19.229841,72.896026,Two-Wheeler / Bike,Urban,Grievous/Major,1,0,1,Weather,High,High,36.5,Rain,Medium,0,1,0.95,1.0,UNIQUE,
ACC-IND-001466,OPEN_ACCIDENT_DATASET,1466,2022-05-24,0:00,2022,5,Tuesday,Mumbai,Dadar Central,Dadar TT Circle / Dr. Ambedkar Road,19.017385,72.842063,Heavy Commercial / Truck,Rural,Fatal,4,1,5,Weather,Low,Moderate,36.5,Clear,High,1,5,0.95,1.0,UNIQUE,
ACC-IND-001471,OPEN_ACCIDENT_DATASET,1471,2023-01-29,12:00,2023,1,Sunday,Mumbai,Eastern Suburbs,Eastern Express Highway (Vikhroli - Ghatkopar),19.09839,72.914053,Two-Wheeler / Bike,Urban,Minor,1,0,1,Poor Road,Low,Moderate,36.5,Fog,Low,1,1,0.95,1.0,UNIQUE,
ACC-IND-001478,OPEN_ACCIDENT_DATASET,1478,2025-01-17,10:00,2025,1,Friday,Mumbai,South Mumbai,Marine Drive Promenade / Netaji Subhash Road,18.864839,72.844004,Two-Wheeler / Bike,Highway,Minor,1,0,1,Weather,High,High,36.5,Fog,Low,1,3,0.95,1.0,UNIQUE,
ACC-IND-001494,OPEN_ACCIDENT_DATASET,1494,2025-02-01,7:00,2025,2,Thursday,Mumbai,Western Suburbs,Western Express Highway (Kandivali - Goregaon),19.230603,72.874134,Heavy Commercial / Truck,Urban,Fatal,2,1,3,Distraction,Low,Moderate,36.5,Fog,Low,0,3,0.95,1.0,UNIQUE,
ACC-IND-001495,OPEN_ACCIDENT_DATASET,1495,2024-10-10,15:00,2024,10,Thursday,Mumbai,Western Suburbs,Western Express Highway (Kandivali - Goregaon),19.272042,72.813973,Heavy Commercial / Truck,Urban,Grievous/Major,0,0,0,Overspeeding,Medium,Moderate,36.5,Fog,Low,0,1,0.95,1.0,UNIQUE,
ACC-IND-001499,OPEN_ACCIDENT_DATASET,1499,2024-12-01,2:00,2024,12,Friday,Mumbai,Navi Mumbai Gateway,Sion Panvel Highway (Mankhurd - Vashi),19.053163,72.934384,Car / SUV,Rural,Grievous/Major,2,0,2,Overspeeding,Medium,Moderate,36.5,Clear,High,0,5,0.95,1.0,UNIQUE,
ACC-IND-001505,OPEN_ACCIDENT_DATASET,1505,2022-11-29,3:00,2022,11,Tuesday,Mumbai,Dadar Central,Dadar TT Circle / Dr. Ambedkar Road,19.021471,72.843507,Heavy Commercial / Truck,Urban,Minor,0,0,0,Drunk Driving,Low,Moderate,36.5,Clear,High,1,2,0.95,1.0,UNIQUE,
ACC-IND-001510,OPEN_ACCIDENT_DATASET,1510,2024-12-08,21:00,2024,12,Monday,Mumbai,Western Suburbs,Western Express Highway (Kandivali - Goregaon),19.206511,72.806633,Two-Wheeler / Bike,Highway,Minor,1,0,1,Distraction,Medium,Moderate,36.5,Fog,Low,0,2,0.95,1.0,UNIQUE,
ACC-IND-001513,OPEN_ACCIDENT_DATASET,1513,2024-12-06,22:00,2024,12,Wednesday,Mumbai,Thane West,Ghodbunder Road (Thane West),19.246027,72.988994,Car / SUV,Highway,Minor,2,0,2,Distraction,Low,Moderate,36.5,Clear,High,1,3,0.95,1.0,UNIQUE,
ACC-IND-001517,OPEN_ACCIDENT_DATASET,1517,2022-02-18,3:00,2022,2,Friday,Mumbai,Dadar Central,Dadar TT Circle / Dr. Ambedkar Road,19.018382,72.873408,Heavy Commercial / Truck,Highway,Grievous/Major,5,0,5,Weather,Low,Moderate,36.5,Clear,High,0,5,0.95,1.0,UNIQUE,
ACC-IND-001529,OPEN_ACCIDENT_DATASET,1529,2024-12-30,19:00,2024,12,Monday,Mumbai,Andheri West,Swami Vivekanand (SV) Road (Andheri West),19.11407,72.838209,Car / SUV,Urban,Minor,2,0,2,Overspeeding,Medium,Moderate,36.5,Rain,Medium,0,4,0.95,1.0,UNIQUE,
ACC-IND-001540,OPEN_ACCIDENT_DATASET,1540,2023-01-05,21:00,2023,1,Monday,Mumbai,Eastern Suburbs,Eastern Express Highway (Vikhroli - Ghatkopar),19.133459,72.975031,Heavy Commercial / Truck,Highway,Grievous/Major,0,0,0,Drunk Driving,High,High,36.5,Rain,Medium,1,3,0.95,1.0,UNIQUE,
ACC-IND-001543,OPEN_ACCIDENT_DATASET,1543,2022-05-30,1:00,2022,5,Monday,Mumbai,South Mumbai,Marine Drive Promenade / Netaji Subhash Road,18.944063,72.822431,Two-Wheeler / Bike,Urban,Minor,1,0,1,Poor Road,Low,Moderate,36.5,Clear,High,1,1,0.95,1.0,UNIQUE,
ACC-IND-001554,OPEN_ACCIDENT_DATASET,1554,2025-03-02,20:00,2025,3,Monday,Mumbai,Thane West,Ghodbunder Road (Thane West),19.197374,72.973661,Heavy Commercial / Truck,Highway,Minor,2,1,3,Weather,Low,Moderate,36.5,Rain,Medium,1,4,0.95,1.0,UNIQUE,
ACC-IND-001556,OPEN_ACCIDENT_DATASET,1556,2022-06-19,13:00,2022,6,Sunday,Mumbai,Western Suburbs,Western Express Highway (Kandivali - Goregaon),19.274116,72.82485,Two-Wheeler / Bike,Urban,Fatal,0,1,1,Poor Road,Low,Moderate,36.5,Fog,Low,0,1,0.95,1.0,UNIQUE,
ACC-IND-001560,OPEN_ACCIDENT_DATASET,1560,2024-06-08,9:00,2024,6,Tuesday,Mumbai,Powai / Andheri East,Jogeshwari-Vikhroli Link Road (JVLR),19.112667,72.867331,Two-Wheeler / Bike,Urban,Grievous/Major,1,0,1,Drunk Driving,High,High,36.5,Clear,High,0,3,0.95,1.0,UNIQUE,
ACC-IND-001561,OPEN_ACCIDENT_DATASET,1561,2022-05-23,9:00,2022,5,Monday,Mumbai,Eastern Suburbs,Eastern Express Highway (Vikhroli - Ghatkopar),19.141253,72.98693,Car / SUV,Highway,Grievous/Major,2,0,2,Weather,Medium,Moderate,36.5,Fog,Low,0,2,0.95,1.0,UNIQUE,
ACC-IND-001566,OPEN_ACCIDENT_DATASET,1566,2023-02-05,2:00,2023,2,Tuesday,Mumbai,Navi Mumbai Gateway,Sion Panvel Highway (Mankhurd - Vashi),19.029854,72.921307,Heavy Commercial / Truck,Urban,Fatal,4,1,5,Overspeeding,High,High,36.5,Rain,Low,0,5,0.95,1.0,UNIQUE,
ACC-IND-001573,OPEN_ACCIDENT_DATASET,1573,2023-08-02,12:00,2023,8,Wednesday,Mumbai,Western Suburbs,Western Express Highway (Kandivali - Goregaon),19.162006,72.858106,Car / SUV,Highway,Grievous/Major,2,0,2,Drunk Driving,Medium,Moderate,36.5,Fog,Low,1,4,0.95,1.0,UNIQUE,
ACC-IND-001577,OPEN_ACCIDENT_DATASET,1577,2022-03-13,19:00,2022,3,Sunday,Mumbai,South Mumbai,Marine Drive Promenade / Netaji Subhash Road,18.90526,72.909257,Heavy Commercial / Truck,Urban,Grievous/Major,0,0,0,Drunk Driving,Medium,Moderate,36.5,Fog,Low,0,3,0.95,1.0,UNIQUE,
ACC-IND-001585,OPEN_ACCIDENT_DATASET,1585,2023-03-20,23:00,2023,3,Monday,Mumbai,Thane West,Ghodbunder Road (Thane West),19.261333,72.959669,Heavy Commercial / Truck,Highway,Minor,0,0,0,Distraction,Low,Moderate,36.5,Fog,Low,0,5,0.95,1.0,UNIQUE,
ACC-IND-001596,OPEN_ACCIDENT_DATASET,1596,2023-09-13,8:00,2023,9,Wednesday,Mumbai,Dadar Central,Dadar TT Circle / Dr. Ambedkar Road,19.016303,72.845715,Heavy Commercial / Truck,Urban,Minor,0,0,0,Overspeeding,Medium,Moderate,36.5,Rain,Medium,0,2,0.95,1.0,UNIQUE,
ACC-IND-001605,OPEN_ACCIDENT_DATASET,1605,2023-11-13,10:00,2023,11,Monday,Mumbai,Sion-Chembur,Eastern Express Highway (Sion - Chembur),18.985787,72.921199,Heavy Commercial / Truck,Urban,Fatal,4,1,5,Weather,Medium,Moderate,36.5,Rain,Low,0,5,0.95,1.0,UNIQUE,
ACC-IND-001625,OPEN_ACCIDENT_DATASET,1625,2024-04-24,8:00,2024,4,Wednesday,Mumbai,Sion-Chembur,Eastern Express Highway (Sion - Chembur),19.043224,72.873923,Two-Wheeler / Bike,Highway,Fatal,0,1,1,Distraction,High,High,36.5,Fog,Low,1,1,0.95,1.0,UNIQUE,
ACC-IND-001628,OPEN_ACCIDENT_DATASET,1628,2022-08-05,12:00,2022,8,Sunday,Mumbai,Dadar Central,Dadar TT Circle / Dr. Ambedkar Road,19.007154,72.857377,Car / SUV,Highway,Minor,2,0,2,Poor Road,Medium,Moderate,36.5,Rain,Medium,0,2,0.95,1.0,UNIQUE,
ACC-IND-001630,OPEN_ACCIDENT_DATASET,1630,2023-11-05,16:00,2023,11,Thursday,Mumbai,Powai / Andheri East,Jogeshwari-Vikhroli Link Road (JVLR),19.12657,72.883756,Car / SUV,Urban,Grievous/Major,2,0,2,Weather,Medium,Moderate,36.5,Clear,High,1,5,0.95,1.0,UNIQUE,
ACC-IND-001638,OPEN_ACCIDENT_DATASET,1638,2022-01-06,5:00,2022,1,Wednesday,Mumbai,Western Suburbs,Western Express Highway (Kandivali - Goregaon),19.165883,72.856888,Heavy Commercial / Truck,Urban,Grievous/Major,0,0,0,Drunk Driving,High,High,36.5,Fog,Low,0,3,0.95,1.0,UNIQUE,
ACC-IND-001640,OPEN_ACCIDENT_DATASET,1640,2025-01-20,11:00,2025,1,Monday,Mumbai,Eastern Suburbs,Eastern Express Highway (Vikhroli - Ghatkopar),19.097029,72.914383,Two-Wheeler / Bike,Rural,Minor,1,0,1,Poor Road,Low,Moderate,36.5,Rain,Low,1,5,0.95,1.0,UNIQUE,
ACC-IND-001642,OPEN_ACCIDENT_DATASET,1642,2024-04-04,2:00,2024,4,Thursday,Mumbai,Eastern Suburbs,Eastern Express Highway (Vikhroli - Ghatkopar),19.12172,72.955727,Heavy Commercial / Truck,Urban,Grievous/Major,5,0,5,Poor Road,Low,Moderate,36.5,Fog,Low,1,5,0.95,1.0,UNIQUE,
ACC-IND-001643,OPEN_ACCIDENT_DATASET,1643,2022-05-31,7:00,2022,5,Tuesday,Mumbai,Powai / Andheri East,Jogeshwari-Vikhroli Link Road (JVLR),19.131116,72.884083,Heavy Commercial / Truck,Rural,Grievous/Major,0,0,0,Drunk Driving,Medium,Moderate,36.5,Rain,Low,0,1,0.95,1.0,UNIQUE,
